{"cameraMode":{"drawMode":0,"name":"Shaded","section":"Shading Mode"},"sceneLighting":true,"audioPlay":false,"sceneViewState":{"m_AlwaysRefresh":false,"showFog":true,"showSkybox":true,"showFlares":true,"showImageEffects":true,"showParticleSystems":true,"showVisualEffectGraphs":true,"m_FxEnabled":true},"in2DMode":false,"pivot":{"x":-2.389407157897949,"y":-0.9725613594055176,"z":0.060853004455566409},"rotation":{"x":-0.011040777899324894,"y":0.9600865840911865,"z":-0.27692028880119326,"w":-0.03831665590405464},"size":6.954326629638672,"orthographic":false}